,RPT,RPT,VAL,VAL,ROS,ROS,KIL,KIL,SHA,SHA,BIR,BIR,DUB,DUB,CLA,CLA,MUL,MUL,CLO,CLO,BEL,BEL,MAL,MAL,month,month
,mean,std,mean,std,mean,std,mean,std,mean,std,mean,std,mean,std,mean,std,mean,std,mean,std,mean,std,mean,std,mean,std
Yr_Mo_Dy,,,,,,,,,,,,,,,,,,,,,,,,,,
1962-09-30,12.1292124649,2.04131782342,10.2044765864,1.76573523807,11.4293330722,1.71399453768,6.97975567091,0.995690650005,10.873474808,1.43856183854,7.54150514593,1.32491928141,10.326147966,2.35541630403,8.90544202553,1.40483172212,8.56916630515,1.54575039757,9.76552764977,1.47715540681,13.2387871736,2.35810945523,13.7086386567,2.12369645578,6.1,3.16061286529
1962-10-31,11.8007159211,1.86065060291,9.85888614863,1.42666735225,11.1751138368,1.618094153,6.75912185968,0.958864098557,10.6024805684,1.35604031507,7.28113014593,1.11793225421,10.1540154775,2.36084809855,8.69447716378,1.24805233238,8.30962713465,1.39983052162,9.58437788018,1.30909552728,12.973965169,1.99591308176,13.6425655,2.08817857634,6.5,3.12039133848
1962-11-30,11.8097825878,1.85641624242,9.69326356799,1.44317270672,11.2392520088,1.62588211429,6.68192185968,0.976376284594,10.4837961598,1.46418362439,7.15470810292,1.07116822847,10.1525724668,2.36118491164,8.50014329281,1.35959923966,8.11303690476,1.38244063305,9.42599777266,1.28817682268,12.6427501152,1.94451358264,13.5214821667,2.03080025421,6.9,3.16061286529
1962-12-31,12.112923448,2.14251744018,9.90955765401,1.70219533533,11.4531745895,1.73197450171,6.86825949409,1.14621387033,10.7482880952,1.54988134453,7.34603874808,1.27036151128,10.4930961227,2.36235894274,8.7060228627,1.44466652134,8.28009765745,1.48265514602,9.65824454685,1.29146466246,12.8875608679,2.05159809122,14.0112913065,2.36181045259,7.3,3.27831792556
1963-01-31,12.3632944158,2.15803031094,10.0227028153,1.70326701286,11.6683520088,1.90736834736,6.90478315,1.12536418834,10.8278042243,1.52249862412,7.40907100614,1.26132542517,10.7527670904,2.31298968796,8.78940995948,1.46057372231,8.27021056068,1.48500249937,9.70277680492,1.26447421681,12.8639802227,2.06620076283,14.3518235645,2.54240113114,7.1,3.53776617001
1963-02-28,12.5890339478,2.12310368732,10.1905075772,1.71275813546,12.0098770088,1.98913760978,7.03122243572,1.16937317714,10.9309970814,1.59064481113,7.55372219662,1.34004545423,10.9344480428,2.31867690632,8.8881040071,1.52988123539,8.26496651306,1.48215001487,9.72354585253,1.27197056068,12.8275516513,2.05158147438,14.4801696237,2.61683594235,6.9,3.71200045372
1963-03-31,12.8010178187,2.12719935681,10.3929914482,1.7071118179,12.2691512024,1.92832481934,7.17759340346,1.25826120406,11.0600132104,1.6597707978,7.74820606759,1.41324920153,11.125200731,2.25110160175,9.04094271678,1.61660519103,8.34566006144,1.51495284199,9.85473940092,1.31619402514,12.9720677803,2.02455659879,14.5711534946,2.56870835653,6.7,3.81272108936
1963-04-30,12.7800678187,2.13718051907,10.3931978998,1.7070790809,12.4140442131,1.88376560215,7.23481974754,1.26836343825,11.0000218126,1.61795460243,7.81245929339,1.47434174769,11.2194571826,2.24510410666,9.08554432968,1.66929210116,8.40716274962,1.57159434894,9.92252273425,1.38661896301,12.9453511137,2.00804074824,14.6705701613,2.59782068849,6.5,3.84570847624
1963-05-31,12.7975016897,2.13646386826,10.4608853303,1.70318170464,12.5192639017,1.84589910822,7.29762453064,1.29504795372,11.0989357911,1.67754171015,7.93774316436,1.5280813869,11.4232055697,2.13966265069,9.18692642089,1.72055290659,8.55800414747,1.64602603434,9.99569800307,1.42518835558,12.9982892857,2.04314086045,14.7732448925,2.5654387598,6.3,3.81272108936
1963-06-30,12.614185023,2.15886704041,10.336828341,1.75778773306,12.491691321,1.85444466592,7.21089926182,1.2926967548,11.0127949309,1.68033873966,7.88201628264,1.5331891001,11.3268625589,2.19322723035,9.20279631336,1.72284054758,8.54005414747,1.64356611111,9.90217434716,1.38513963053,12.8917215438,2.03109941278,14.5015169355,2.62728942258,6.1,3.71200045372
1963-07-31,12.4397231951,2.42907223009,10.2899853303,1.81816028544,12.2753036866,2.16046515501,7.17164818655,1.34095692884,10.9864019201,1.71535362643,7.85232165899,1.57171500177,11.1691378648,2.33657952743,9.31941943164,1.59086538528,8.54825576037,1.63362332811,9.89753940092,1.39063248805,12.9231301459,2.00130963819,14.4362330645,2.70400277254,5.9,3.53776617001
1963-08-31,12.3387554531,2.35916985871,10.2302111367,1.78159307408,12.1398036866,2.13270617105,7.17500302526,1.34078335354,11.0304825653,1.73568078266,7.84369262673,1.56958705823,11.0743314132,2.3500479099,9.41753233487,1.57624861373,8.61773963134,1.63709608507,9.93758778802,1.38241405176,12.9681301459,1.99523471166,14.4103298387,2.71992460226,5.7,3.27831792556
1963-09-30,12.1182452381,2.32445188766,10.065228341,1.64339230884,11.9557735791,2.24735555334,7.06609979945,1.39701795387,10.9502820276,1.73629888546,7.73707596006,1.57932049781,10.832434639,2.25724640146,9.4002656682,1.57603603644,8.515506298,1.63176000447,9.81208563748,1.3467043114,12.8355790707,1.8393555679,14.3845658602,2.70987009965,6.1,3.16061286529
1963-10-31,12.0175453533,2.1945137326,10.064431106,1.64238672629,11.8022303763,2.11665683271,6.98727423195,1.30819046007,10.9011138249,1.66309528445,7.71220441628,1.54998117023,10.5533067588,1.75448708614,9.38964297235,1.56332627623,8.38445272657,1.42791741955,9.75589324117,1.26608765357,12.8236499232,1.81352954497,14.3067588326,2.60812993556,6.5,3.12039133848
1963-11-30,12.20331202,2.31434787717,10.3003848694,1.75630035138,11.8553981183,2.13805842625,7.06719627496,1.31940999784,11.050984255,1.74411458513,7.82692484639,1.5585197354,10.6371788018,1.77781664834,9.52594619816,1.52119969093,8.49377315668,1.40732757906,9.85718087558,1.20206163034,13.0857832565,1.71284329472,14.5025921659,2.53296144361,6.9,3.16061286529
1963-12-31,12.3270367512,2.37723669636,10.4004225038,1.77577672512,11.9907879032,2.23702827387,7.07138498464,1.31986305261,11.1168487711,1.74882785156,7.87158936252,1.56320024042,10.6435497696,1.78122098929,9.62373329493,1.52963668027,8.47229950077,1.40723291272,9.89883947773,1.19658601192,13.2011633641,1.73010452752,14.7401072197,2.48658655125,7.3,3.27831792556
1964-01-31,12.3228109447,2.37652811935,10.4480676651,1.80150838635,11.9841104839,2.23759183913,7.0454656298,1.31666923428,11.1225907066,1.74960014275,7.8544280722,1.57271190508,10.6179046083,1.79302380351,9.65387845622,1.52438262303,8.42628337174,1.44263302976,9.91801689708,1.18942120373,13.3480343318,1.75882841828,14.801252381,2.45436818243,7.1,3.53776617001
1964-02-29,12.5132345079,2.35890910117,10.5885797341,1.84721736842,12.1822765758,2.2277632203,7.10363229647,1.3330194826,11.2452309365,1.80436433556,7.94389588829,1.59865718109,10.7315574819,1.85922224759,9.72087270909,1.58290131609,8.3733454407,1.43229010968,10.008982989,1.30213960459,13.4052188146,1.7911207169,14.8832150246,2.49604671754,6.9,3.71200045372
1964-03-31,12.6510248305,2.28251703378,10.7416281212,1.77934084627,12.4016636726,2.19175549238,7.14405165131,1.31287338456,11.4370696462,1.76934654887,8.04563782377,1.52316715278,10.8810736109,1.72489200061,9.81787270909,1.53866834035,8.40308737619,1.4044537926,10.1216120213,1.27213218865,13.4837026855,1.70240552442,15.087376315,2.35265875133,6.7,3.81272108936
1964-04-30,12.7028984864,2.25377163308,10.7756517771,1.76470382842,12.5434711995,2.13168187382,7.18795380184,1.31196876018,11.5123115817,1.75779974493,8.1008695442,1.50350102474,10.8739515679,1.72407452471,9.87285174135,1.53119725358,8.34456318264,1.41814198584,10.1822480428,1.27042730723,13.4903677393,1.70116315656,15.0257112612,2.35960749901,6.5,3.84570847624
1964-05-31,12.8003882714,2.22626525436,10.9317856481,1.78458001068,12.6833744253,2.16088493066,7.29470487711,1.31115610066,11.6952594311,1.75209648879,8.26515341517,1.46550501959,11.0178902776,1.63211146068,10.1104479779,1.43065276301,8.47376855898,1.34485281947,10.3571093331,1.23590088725,13.7209424705,1.72718163698,15.138802659,2.2754688517,6.3,3.81272108936
1964-06-30,12.9010371961,2.12173878234,11.0290748954,1.6692989359,12.7605029199,2.06113872781,7.40028498464,1.17965289991,11.8405798612,1.57921732693,8.32092008184,1.38284759769,11.0728537184,1.55783389202,10.1947592682,1.32215333084,8.56056963425,1.27377663574,10.411594817,1.20067771279,13.7103037608,1.73064850272,15.1416698633,2.27411390574,6.1,3.71200045372
1964-07-31,12.868744723,2.15569534163,11.0967619922,1.56341587914,12.6007357156,2.23665021331,7.42518821045,1.14757972077,11.9777320118,1.3417823608,8.36514857646,1.32920533633,11.0402967292,1.59622853456,10.3553995908,0.909006368744,8.65817877403,1.16676295448,10.4771684729,1.09833832226,13.8825994597,1.47161414656,15.240398358,2.23235388381,5.9,3.53776617001
1964-08-31,12.5545511746,2.00763727976,10.8241329599,1.55110376267,12.3997679737,2.25862485423,7.22423659754,1.10567490392,11.767377173,1.38262535111,8.17258406033,1.30967936477,10.7636515679,1.58388834468,10.1592705586,1.11437197401,8.461662645,1.13832129417,10.321732989,1.10899292379,13.6372768791,1.50108271607,14.8487693257,2.01624054007,5.7,3.27831792556
1964-09-30,12.3807318197,1.94631861257,10.7412711319,1.57888243033,12.1777873285,2.19428824649,7.19629627496,1.12815898963,11.7583115817,1.38794926196,8.14687653345,1.32163603667,10.5815972668,1.54663860653,10.1088452897,1.15154620065,8.46673199984,1.13563724973,10.331732989,1.1010221949,13.7393080619,1.40962790525,14.6194564225,1.78847888516,6.1,3.16061286529
1964-10-31,12.2526079718,1.88857055412,10.6879497034,1.5563757258,11.8943639414,2.07878142443,7.05035215054,1.12420025304,11.6199187245,1.4072518932,7.99877803115,1.31613440416,10.3543265295,1.54839840144,9.95724909158,1.24807692513,8.36688464961,1.17507233426,10.2562537264,1.14994849385,13.7013092139,1.433093958,14.4472594179,1.69851019006,6.5,3.12039133848
1964-11-30,12.1413477568,1.79024476831,10.6729851872,1.54172052745,11.8189236188,2.01339409898,6.89841612903,1.00799051055,11.5033235632,1.37323462173,7.84725813867,1.23487465066,10.3023738413,1.50103565563,9.85510070449,1.21194646424,8.27113626251,1.13896763933,10.1601128661,1.11909444501,13.7276307193,1.44333602816,14.5522137189,1.74233024307,6.9,3.16061286529
1964-12-31,12.3237413052,1.91535846702,10.7888593808,1.58585353645,11.8843854468,2.08193005277,6.85249623656,0.976042103626,11.4843633482,1.37567573815,7.74837588061,1.15289097092,10.330262551,1.53853940998,9.72199909158,1.18465302225,8.1752626066,1.03110042406,10.1071123285,1.05564178538,13.8009602892,1.48782287463,14.6375303856,1.87116736301,7.3,3.27831792556
1965-01-31,12.4668380793,2.06048807003,11.0156658324,1.91040693441,12.0040306081,2.20722381583,6.84483494624,0.96368306638,11.5146859288,1.41649315286,7.72395652577,1.11297463275,10.408762551,1.67711902263,9.73678941416,1.20268728779,8.13297228402,0.932809535422,10.1226768446,1.07769202965,13.8719119021,1.56847276476,14.783207805,2.00730000193,7.1,3.53776617001
1965-02-28,12.3997785555,2.14378471233,10.9304146419,2.06354982069,11.9871020367,2.21109440477,6.78578256528,1.02528196479,11.362999024,1.70433945971,7.56752557339,1.37634011022,10.4079673129,1.67769241172,9.54630489035,1.49374583961,7.99852109354,1.05076387508,10.0106958923,1.24052133428,13.6611011878,2.03376827623,14.8918101859,1.86605665173,6.9,3.71200045372
1965-03-31,12.6799075878,1.7946720082,11.2337210935,2.00179068686,12.2478439721,1.94883404486,6.88194385561,0.96300924844,11.5765635402,1.60399905078,7.72747718629,1.327620275,10.6294673129,1.59380013239,9.64264360003,1.49476667183,8.09931141612,1.01981732445,10.1764862148,1.21999229607,13.8312302201,1.97660663291,15.2328101859,1.70271718123,6.7,3.81272108936
1965-04-30,12.7005312437,1.80035089071,11.2853684054,2.00084848591,12.2386445098,1.95411838844,6.92411213518,0.992947641327,11.6387721423,1.65303834301,7.78184331532,1.36664660589,10.7501796785,1.62339977147,9.65985273982,1.50257901092,8.10577055591,1.02856378288,10.2318824514,1.23884681637,13.8881458115,1.97201911102,15.4227612612,1.60008786659,6.5,3.84570847624
1965-05-31,12.7386221039,1.75604309248,11.3293834591,1.97740325662,12.3821907463,1.79587500043,7.00014439324,0.922604433427,11.6691984864,1.63013223871,7.84589546586,1.3374400193,10.7405764527,1.63251153699,9.61978069681,1.52448071274,8.07106840537,1.05694258078,10.2806265374,1.20610257961,13.8421323706,1.98687038129,15.3552994332,1.64029350865,6.3,3.81272108936
1965-06-30,12.6100065125,1.76602379119,11.2359925989,1.98688166879,12.3357208539,1.81526146194,6.93645514593,0.916680680958,11.5423619273,1.63308471796,7.73577772393,1.30787658168,10.6366162376,1.65873381377,9.48270220218,1.51013259573,7.97146840537,1.0182705175,10.1746141718,1.23220424947,13.6447269943,1.90689694816,15.1347505085,1.72040804485,6.1,3.71200045372
1965-07-31,12.3198941469,1.76885867507,10.9758775452,2.03934813519,12.1436176281,1.92203635109,6.81662987711,0.92668826846,11.3073785939,1.69624061078,7.55654116479,1.36599847774,10.467953872,1.69455020528,9.33176994412,1.56678209497,7.85698668494,0.991938938388,10.0898426665,1.29585275495,13.4151581771,2.01688571624,15.0376768526,1.75750291082,5.9,3.53776617001
1965-08-31,12.1664909211,1.68872343846,10.8857485129,2.0465315494,11.9154563377,1.86044861954,6.78530729647,0.921959073519,11.2760882714,1.69124963058,7.52247664866,1.35092299395,10.4238732269,1.67469953105,9.24444736347,1.53618726916,7.84598668494,0.988281956156,10.07961686,1.29620281951,13.3468355964,1.99977879077,15.011870401,1.73810425017,5.7,3.27831792556
1965-09-30,12.123726405,1.68636172307,10.7742291581,2.05379163366,11.8538084883,1.88676504624,6.75547987711,0.925871160423,11.1965560133,1.72220137194,7.49288632608,1.37237466549,10.3590447322,1.73265254585,9.16890972906,1.55033727977,7.82449958817,1.01319698223,10.046994817,1.31494947653,13.2264146287,1.9628909155,15.0514795408,1.72630765387,6.1,3.16061286529
1965-10-31,12.0390033794,1.62245412714,10.6716896697,2.0145854645,11.7037612135,1.82892105647,6.65323794163,0.892342428102,11.0168007296,1.69340500139,7.38157764977,1.31300348413,10.1573133641,1.66436224039,8.98856601382,1.4537310723,7.76147622888,1.0317519972,9.87493141321,1.22094963649,13.1000091782,1.9305322831,14.9383099078,1.67510511962,6.5,3.12039133848
1965-11-30,12.1552329493,1.75314593443,10.7084256912,2.03575956259,11.7484300307,1.90107406347,6.70912396313,0.942317599844,10.963100192,1.64522839433,7.39783087558,1.32189595608,10.2885332565,1.81225431707,8.97437139017,1.44403922016,7.85748375576,1.08662520628,9.9041577573,1.25250520676,13.1608650922,1.92493867215,15.2036254992,2.11587591175,6.9,3.16061286529
1965-12-31,12.3035367127,1.86157314274,10.8717891321,2.1361839473,11.7312999232,1.89052115772,6.71325407066,0.946504122126,11.0007292243,1.67775473838,7.41208302611,1.33152157671,10.3201875576,1.83066670089,8.92231171275,1.41614060188,7.91249182028,1.09406489552,9.8898765745,1.24426252312,13.2241516513,1.94876356219,15.2695486175,2.10305674139,7.3,3.27831792556
1966-01-31,12.4389721966,2.01664412503,10.9044665515,2.16923288171,11.766219278,1.94870309031,6.73125407066,0.981047870602,10.9800679339,1.64919689404,7.3952765745,1.30565522771,10.3593488479,1.86233679864,8.8574891321,1.30405727671,7.90218536866,1.08463995495,9.83769915515,1.18095714532,13.1231193932,1.84151227984,15.3185002304,2.09742987162,7.1,3.53776617001
1966-02-28,12.7089091014,2.2608033686,11.1620891705,2.35530721324,11.9989502304,2.11095751438,6.86098502304,1.16329159506,11.2039917435,1.97274882791,7.57254562212,1.45876117427,10.5450536098,1.9597346898,9.02766056068,1.56298465126,7.99895917819,1.20763323275,10.0018634409,1.43258713612,13.3411158218,2.0782380728,15.6169204685,2.33339344775,6.9,3.71200045372
1966-03-31,12.840715553,2.19660402887,11.2286375576,2.31957999873,12.0961599078,1.99967915916,6.95822695853,1.18947173733,11.308749808,2.00984681044,7.66977142857,1.49849072099,10.7562632873,2.00744068362,9.07069281874,1.57846944942,8.08162046851,1.28450387821,10.1416215054,1.50486996088,13.5173900154,2.21365027104,15.7754365975,2.41505019447,6.7,3.81272108936
1966-04-30,13.1060349078,2.21955192865,11.5516891705,2.34020611719,12.3039884025,2.01442755034,7.14732427035,1.2509041507,11.5454793779,2.06584195673,7.86505529954,1.58589662691,11.033868126,2.01961472623,9.35085894777,1.73520672802,8.28837584485,1.38805246117,10.3014935484,1.52159466894,13.80756851,2.2649928415,16.2210398233,2.54733039673,6.5,3.84570847624
1966-05-31,13.2132252304,2.18389797724,11.6860026114,2.29012763507,12.342646467,1.98891958142,7.21565168971,1.22644639957,11.5703191628,2.06064396335,7.913553149,1.58322282908,11.0600675883,1.9972513957,9.34352615207,1.73780342899,8.31406455453,1.38607697815,10.3160419355,1.5158138715,13.8598921659,2.2688520343,16.2049333717,2.56152100708,6.3,3.81272108936
1966-06-30,13.1620026498,2.22894500674,11.614519278,2.34066499794,12.3743448541,1.95486608395,7.23022319508,1.20900960086,11.4743191628,2.17340531879,7.8986671275,1.59718152343,11.0336740399,2.04028489204,9.25141163594,1.86833622078,8.31415595238,1.38598477315,10.2841354839,1.55460231153,13.7989862519,2.32280484271,16.0862779954,2.73395464523,6.1,3.71200045372
1966-07-31,13.1429402842,2.23536725907,11.4815483103,2.39421499558,12.2320754992,2.02551638388,7.2545624424,1.19259513528,11.4901240015,2.16924352962,7.87412250384,1.61446415745,10.8593041475,2.17617637778,9.1466890553,1.92347220953,8.32871079109,1.38155731311,10.2116795699,1.62088288803,13.6801808756,2.34521792215,15.9539688556,2.790004445,5.9,3.53776617001
1966-08-31,12.9083112519,2.24727308181,11.3131450845,2.44011597553,11.9960271121,2.0171121762,7.16875599078,1.26591025584,11.4068981951,2.21498813403,7.74217089094,1.72898196819,10.5927718894,2.28369648057,9.04222131336,2.00455562733,8.22090433948,1.45584146534,9.9935827957,1.81382007455,13.4583260369,2.389172249,15.6305817588,2.90783560758,5.7,3.27831792556
1966-09-30,12.6738472734,2.17971604166,11.0044230415,2.26025269116,11.713850768,1.92712185405,6.99988663594,1.33622092972,11.2262449693,2.1747039775,7.55835637481,1.75531713981,10.2653735023,2.26126521973,8.82003798003,1.99202816935,8.03383659754,1.46912979087,9.78244301075,1.84940758039,13.2477029186,2.31978390248,15.3908796083,2.90948749088,6.1,3.16061286529
1966-10-31,12.8022078725,2.04062269241,11.1379731567,2.0648403472,11.7234003072,1.9256779977,7.01776105991,1.3136301672,11.3373630568,2.00327395991,7.60219162826,1.67318809085,10.1994956221,2.31100467249,8.80087841782,2.02439006612,8.02562058372,1.48212474465,9.7851250384,1.8457230513,13.416194278,2.01141572128,15.476360023,2.87689110433,6.5,3.12039133848
1966-11-30,12.8424406682,2.0528242325,11.0408263825,1.98086971489,11.7436460061,1.93898261172,7.01995084485,1.31395810368,11.2418748848,1.9717878894,7.51198463902,1.65052449319,10.1830375576,2.29755205523,8.68318325653,1.98396751896,8.0120453149,1.47632612184,9.71940299539,1.80028718369,13.4541733103,2.04594182113,15.6402605607,3.09311407009,6.9,3.16061286529
1966-12-31,12.9792686252,2.1770468685,11.1865177803,2.1361701944,11.8143777266,1.93954463645,7.09091159754,1.40401730303,11.3436662826,2.1373419188,7.58690883257,1.76222718235,10.347825192,2.55860015157,8.72831282642,2.03631868558,8.14968294931,1.72775374869,9.7264906298,1.80650757187,13.6704512673,2.3444307802,15.8802933564,3.33066288089,7.3,3.27831792556
1967-01-31,13.1093008833,2.138448232,11.2230177803,2.13439244201,11.8021357911,1.9405304688,7.09328256528,1.40368353618,11.3461340246,2.13669035526,7.52998947773,1.77100893388,10.3780993856,2.54763755718,8.67939347158,2.0549419818,8.18447327189,1.70883055877,9.73676482335,1.80850997216,13.7034351382,2.33613700348,16.0466643241,3.30412649199,7.1,3.53776617001
1967-02-28,13.2719020737,2.1137936812,11.3969737327,2.18419056439,11.9237203149,1.97527887818,7.19438137481,1.42474027126,11.5388530722,2.2100582029,7.6447109063,1.81058315296,10.5697410522,2.6022551493,8.78768394777,2.09236047573,8.30926970046,1.73999498648,9.9454874424,1.94076274995,13.9370196621,2.44257090638,16.4227524194,3.3024293929,6.9,3.71200045372
1967-03-31,13.5848859447,1.99328627599,11.6413124424,2.06846617868,12.107784831,1.89076543911,7.42263943932,1.51928623605,11.8252885561,2.18705757248,7.91442058372,1.86609752683,11.0148862135,2.9699931072,9.05444201229,2.23459389894,8.62865679724,2.04451102168,10.2295519585,2.10853976096,14.4125519201,2.62469287575,16.9393491935,3.61214474098,6.7,3.81272108936
1967-04-30,13.623431106,1.95937893244,11.6616871736,2.05209246857,12.2640230031,1.85647800688,7.51263997696,1.52256814734,11.8247310292,2.18721725484,7.88703725038,1.87233614463,11.0706125576,2.97473580791,9.01484416283,2.24388860935,8.68043045315,2.04230768449,10.2373858295,2.1076995135,14.4232277266,2.61982605757,16.9759739247,3.60598571095,6.5,3.84570847624
1967-05-31,13.6890665899,1.91681860572,11.7842710445,1.9941064285,12.4257353687,1.83624860591,7.58214481567,1.49857668058,11.9281826421,2.13522129824,7.94930499232,1.83622848427,11.1789087942,2.90707773227,9.07160760369,2.23591457452,8.75319174347,1.98636856871,10.2310078725,2.11175254205,14.4707777266,2.59462909509,16.9636873656,3.61370666923,6.3,3.81272108936
1967-06-30,13.5345160522,2.13657003811,11.6475817972,2.17669409627,12.3285165515,1.96496738169,7.53300341782,1.56885804542,11.9329476959,2.12977882346,7.86029585253,1.92541667246,11.0978872888,2.99839387139,9.08960706605,2.22860719793,8.72136970046,2.02277562619,10.1345051843,2.21731688045,14.418315361,2.6493180046,16.8551943548,3.71960992116,6.1,3.71200045372
1967-07-31,13.2695122888,2.26210037257,11.495990937,2.24322074265,12.0726219278,1.92687982033,7.39503675115,1.64339711534,11.8541159754,2.16096114872,7.75710714286,1.95917140137,10.781989977,3.07532330943,9.06683394777,2.22350950389,8.6144750768,2.0444761866,9.99708529186,2.21664227476,14.4177658986,2.64950419064,16.588152957,3.618202851,5.9,3.53776617001
1967-08-31,13.0425284178,2.30998145099,11.2475393241,2.26807278325,11.8874283794,2.04028140068,7.29187546083,1.68986200747,11.7482127496,2.1680486942,7.66283294931,1.97199516272,10.588006106,3.14085113501,9.01752749616,2.23234885704,8.53310410906,2.07823057047,9.8255046467,2.31144472243,14.2617981567,2.73376257576,16.4604594086,3.70248343824,5.7,3.27831792556
1967-09-30,12.9249198157,2.21839630341,11.1571613671,2.21814986894,11.6992891321,1.89309114084,7.20669105223,1.65997697061,11.6524428571,2.1535842369,7.57607219662,1.94041270969,10.4544227727,3.12770834042,8.96325384025,2.20809206826,8.49875518433,2.08012213972,9.69200410906,2.33287223775,14.2807390169,2.73370901538,16.3986497312,3.72863524053,6.1,3.16061286529
1967-10-31,12.88526947,2.14552758393,11.1485720814,2.20210124878,11.6231877496,1.75556265183,7.14037999232,1.58742725503,11.5844082949,2.03322069144,7.52573003072,1.87552193197,10.4265610215,3.10377775959,8.90831950845,2.12178390592,8.49435771889,2.07619831138,9.60164466206,2.21087918634,14.3715425883,2.87068833863,16.4043622888,3.73471294229,6.5,3.12039133848
1967-11-30,12.8065721582,2.16747263573,11.0958865975,2.22665442318,11.6394619432,1.74887480906,7.03931816436,1.58189319838,11.4361314132,2.03469157516,7.35274239631,1.87568631585,10.2162916667,3.04878934004,8.80481359447,2.1153643842,8.37570395545,2.05526791394,9.37022960829,2.16738415543,14.2472393625,2.81519911598,16.3855843318,3.72485322382,6.9,3.16061286529
1967-12-31,12.6442044163,2.04920344257,10.8559801459,2.06336182353,11.4839560292,1.62295512052,6.91944665899,1.4879953737,11.2789663594,1.92410484771,7.15500691244,1.74403213922,10.1349448925,2.97009024464,8.60790552995,1.8856012138,8.30669051459,1.98854713841,9.19574466206,2.08595732547,14.1796899002,2.762892324,16.3255133641,3.65289793778,7.3,3.27831792556
1968-01-31,12.704075384,2.09363478638,10.8903349846,2.0914289586,11.5259076421,1.63298467594,6.93972085253,1.49823932311,11.3222889401,1.93659553267,7.09710368664,1.72342365362,10.270719086,3.01001316727,8.63471198157,1.89062910725,8.35462599846,2.00385176593,9.16445433948,2.07982235187,14.164593126,2.7617837642,16.5845940092,3.65660084807,7.1,3.53776617001
1968-02-29,12.7772167633,2.04988639024,10.961456249,2.06134634895,11.5798610904,1.62075415702,6.90845246173,1.52550540702,11.3959613539,1.83703247121,7.01184621537,1.80314676463,10.3126604653,2.97732889128,8.67741715398,1.83561772678,8.30532714789,2.05085491978,9.06996813258,2.16667260596,14.1001074938,2.84624248749,16.7428072276,3.48028511825,6.9,3.71200045372
1968-03-31,12.8874264408,2.07895018705,11.0911497974,2.03355591834,11.6688127033,1.57426260024,6.99664601012,1.56431450424,11.4802516765,1.86111551516,7.09813653795,1.82192347781,10.5532088524,2.94435995928,8.8591752185,1.86178370455,8.38042392208,2.06908978873,9.28091974548,2.27443417371,14.3066397518,2.84587390131,16.9596459373,3.40755614357,6.7,3.81272108936
1968-04-30,12.976395258,2.01159741777,11.1873954963,1.97853820899,11.7123492624,1.5319706768,7.1060223542,1.5193794851,11.6051543646,1.80210625214,7.22712040892,1.76418848603,10.6408857341,2.86446968078,8.99649457334,1.78625987742,8.43582069628,2.0238960295,9.40946705731,2.17832528855,14.3853316873,2.76755002717,17.1479663674,3.19136724186,6.5,3.84570847624
1968-05-31,12.9604237526,2.02887186285,11.2031659264,1.96451670047,11.7192352839,1.52240092692,7.15855299936,1.4552100605,11.616597913,1.7919076096,7.21525750569,1.77663629354,10.6244615406,2.88548029674,9.04953274538,1.73307530268,8.40085618015,2.07081499558,9.36070361645,2.23391924078,14.4134064185,2.74465795312,17.1653620663,3.16898012198,6.3,3.81272108936
1968-06-30,12.804239344,2.22924251635,11.1644836684,2.00899051493,11.5734309828,1.67292917776,7.17156428969,1.4416107837,11.6492500636,1.75361368791,7.21108653795,1.78228019442,10.5508846589,2.97506918758,9.12999349807,1.58563217051,8.37465671778,2.1093366187,9.25255254118,2.38136533609,14.4609257733,2.69480998887,16.945512604,3.44965184981,6.1,3.71200045372
1968-07-31,12.4734581612,2.54055807063,10.8605659264,2.34311304313,11.3225239936,1.79695424467,7.02947127893,1.57011702821,11.4775930743,1.97851723341,7.03308384978,1.96722221233,10.2509394976,3.13871064428,8.9805596271,1.80206420672,8.18950618015,2.25666884565,8.95875845516,2.59886154436,14.1553338379,2.90140225526,16.4063056147,3.63076310237,5.9,3.53776617001
1968-08-31,12.1298936451,2.48792658832,10.4713239909,2.32612506136,11.351233671,1.82119638967,6.86303579506,1.47899588954,11.1510608163,1.81440038478,6.73908384978,1.82194166485,9.81021369114,2.96705684953,8.73343059484,1.79570534666,7.87174811563,2.0985824833,8.63056490677,2.70045211049,13.7648338379,2.7948711329,15.8382410986,3.73189213896,5.7,3.27831792556
1968-09-30,12.0499371934,2.45911829692,10.4558089372,2.32013372548,11.3747627033,1.82675977305,6.86093256926,1.47892845514,11.1953167302,1.81704092747,6.72743438741,1.82274531993,9.7946427234,2.96799977592,8.78488865936,1.77233450515,7.87945994359,2.0979194136,8.50131329387,2.68475900265,13.7369634078,2.80086742963,15.6611986255,3.75159672301,6.1,3.16061286529
1968-10-31,11.9504838524,2.39372734312,10.361743845,2.22037178518,11.2560029106,1.74933825668,6.76089397479,1.4338579036,11.0566277901,1.67986994077,6.58908876529,1.71746315672,9.55815482017,2.87891312633,8.73256377456,1.73415961409,7.78937641824,2.04441365163,8.26702239525,2.46146622575,13.6210423248,2.69644784059,15.4815304227,3.61745341835,6.5,3.12039133848
1968-11-30,11.8903290137,2.30518858568,10.4243201891,2.31445345192,11.326458287,1.84935321878,6.59377784575,1.18953252771,10.9900089729,1.56358623022,6.44771564702,1.44408115781,9.22728869114,2.23475935664,8.65905463478,1.58233775478,7.57930437523,1.60971023555,8.10889605117,2.15151821395,13.4193788839,2.33213194201,15.3063739711,3.2597819114,6.9,3.16061286529
1968-12-31,11.9279612718,2.31898366691,10.4668486837,2.31951624989,11.3204620504,1.84260281917,6.47626117909,1.11323615499,10.9125503708,1.58952419079,6.3588731739,1.44856759901,9.10220750834,2.14917786666,8.60926538747,1.61488360679,7.51948233222,1.57242609538,8.06444927697,2.11719384244,13.352445013,2.35217411107,15.4093298851,3.33923695427,7.3,3.27831792556
1969-01-31,11.9132677234,2.31196213166,10.4705583611,2.32222187134,11.2035265666,1.75282235939,6.42434182425,1.07438346593,10.8464535966,1.57463513332,6.27922801261,1.42500262911,9.07323976641,2.1337304895,8.56242667779,1.60699645262,7.5397242677,1.58115610918,8.09538476085,2.13444535018,13.342445013,2.35144654172,15.5226202076,3.35202842365,7.1,3.53776617001
1969-02-28,12.1220665329,2.25410248685,10.6067643135,2.22936413354,11.4648456142,1.79826711299,6.5415644433,1.03598136652,10.9289690728,1.55251336208,6.29215420308,1.41607462293,9.26410286165,2.12492038906,8.57980048731,1.60702252688,7.67742188675,1.58195677807,8.20102166561,2.12800168529,13.4930104892,2.31142427346,15.8907428267,3.39782621814,6.9,3.71200045372
1969-03-31,12.1538891136,2.22331653302,10.5766997974,2.25417967433,11.5828778722,1.76853561584,6.58482250781,0.996980953321,10.8949206857,1.57436907266,6.23062194502,1.44789429437,9.36984479713,2.06212064519,8.53876822925,1.59747261757,7.73588962869,1.58525227269,8.15597327851,2.12637538925,13.3347362956,2.41277486913,15.9430008912,3.39751128077,6.7,3.81272108936
1969-04-30,12.2620525544,2.18726568092,10.6315213028,2.21849267642,11.6755681948,1.67047776097,6.65175369061,0.971913443938,10.9299282126,1.57535573235,6.1838606547,1.45337860393,9.45162436702,2.02653055656,8.53736769162,1.59782547807,7.84856919858,1.60623596203,8.22413510647,2.1093911062,13.3600841451,2.39395466124,16.001587988,3.35303592039,6.5,3.84570847624
1969-05-31,12.058870834,2.2555860644,10.4548347436,2.28737280957,11.5718042163,1.75265106299,6.56082519598,1.0255720294,10.8082303631,1.65725878682,6.08204076222,1.4327919998,9.29315931326,2.14479350209,8.35548005721,1.6994380679,7.74075683299,1.66242073053,8.13652274088,2.15210144383,13.1040303816,2.54026809644,15.8754299235,3.46530245978,6.3,3.81272108936
1969-06-30,11.7109842749,2.09493843703,10.1248514103,2.06379919457,11.3494079798,1.70557807571,6.40585530351,0.998978514714,10.5026077825,1.5057510244,5.9870638805,1.25423272764,8.98026630251,2.07635646277,8.0813096271,1.58382376907,7.5599304889,1.57353128896,7.85578456883,2.03151720839,12.6873803816,2.12930051431,15.4232304611,3.45718893504,6.1,3.71200045372
1969-07-31,11.6125041673,2.15151884817,10.0881336684,2.07981795854,11.2196660443,1.81962855657,6.36854616373,1.0222413823,10.4748846642,1.520363652,6.03889022459,1.2634613713,8.92385823799,2.09154701556,8.03683167011,1.60021948132,7.59450360718,1.58190866297,7.86678026776,2.03044205446,12.6763287687,2.12120126487,15.2898632568,3.40079477568,5.9,3.53776617001
1969-08-31,11.562842877,2.13991355147,10.0727788297,2.08191620273,11.1141176572,1.87489148207,6.30549777663,1.025133017,10.40278789,1.52289589546,6.03818054717,1.26323924171,8.67097114122,1.98688367913,7.90741231527,1.62652018937,7.49750360718,1.51652422916,7.83274800969,2.02530348957,12.494457801,2.01135642059,14.9779922891,3.23253346829,5.7,3.27831792556
1969-09-30,11.2533982534,2.10451047678,9.78862721675,2.07373785333,11.0343079798,1.85589142186,6.12112949706,1.06377520951,10.2177255244,1.50983077595,5.92821925685,1.25861149701,8.4071974853,1.80853207448,7.78807199269,1.61219513849,7.3311960803,1.47698484425,7.68015661184,2.02745991232,12.3670142526,1.97713668307,14.7718347622,3.0841910688,6.1,3.16061286529
1969-10-31,11.1707052611,2.09390162198,9.76969896313,2.06570621904,10.9733335637,1.85144194287,6.14335864055,1.05158570399,10.3113111751,1.53216175073,6.05021758833,1.24489316481,8.40664965438,1.80850579223,7.9335781106,1.64951194844,7.45595192012,1.46400657805,7.80011378648,2.01356819408,12.634502573,2.00158642008,14.9133736943,3.13406185412,6.5,3.12039133848
1969-11-30,11.071224616,1.97363164082,9.74590971582,2.04241194804,10.9943679724,1.86273437946,5.99432584485,0.90377980492,10.1635993472,1.41961217372,5.97108855607,1.14080565994,8.29232115975,1.59944183359,7.80687596006,1.50566915164,7.40040030722,1.39925284869,7.57521808756,1.70465588905,12.5592423579,1.88270650501,15.0219941244,3.27816519733,6.9,3.16061286529
1969-12-31,11.1204816052,2.01901551216,9.79374466206,2.08440533185,11.0813959293,1.88838024275,5.8894656298,0.833531580932,10.0534224654,1.35615556348,5.96321758833,1.12880177437,8.3481765361,1.64288891166,7.77231466974,1.47607456549,7.47169708141,1.4338447217,7.50291271121,1.66913765361,12.6108730031,1.89451213336,15.1404156298,3.33253495927,7.3,3.27831792556
1970-01-31,11.2414654762,2.06650629013,9.89595433948,2.128584616,11.2471701229,1.91242352861,5.88343337174,0.833647053766,10.0186160138,1.36101554657,6.09834662058,1.20890606749,8.49161201997,1.64187553524,7.82016950845,1.49504325033,7.61911643625,1.36594883171,7.55883206605,1.65270733346,12.6038084869,1.89503342438,15.3279317588,3.33748101958,7.1,3.53776617001
1970-02-28,11.5462178571,2.12457816014,10.1534079109,2.2734855406,11.4482998848,1.83154756247,5.93531551459,0.863663907586,10.1155957757,1.42599627588,6.25187876344,1.24112384015,8.76038821045,1.72982995535,7.9310468894,1.51357325527,7.87578191244,1.37099092818,7.71778325653,1.56829968766,12.7386906298,1.9598257637,15.6866043779,3.21331279431,6.9,3.71200045372
1970-03-31,11.9333630184,1.99199803742,10.4431821045,2.03265985716,11.7011385945,1.69225277606,6.09073486943,0.849718542593,10.3135957757,1.31808187106,6.48942715054,1.13514712666,9.07758175883,1.74329789619,8.17365979263,1.44523065499,8.18360449309,1.32992712157,7.98249293395,1.42169280085,13.0179970814,1.86290070929,16.1335559908,3.01910049564,6.7,3.81272108936
1970-04-30,12.2084329109,1.97912688837,10.6918493088,1.87029043713,11.6829471966,1.6786054081,6.15282626728,0.892776853146,10.4127866359,1.28464370551,6.68301962366,1.16791851587,9.29851993088,1.71291458823,8.31465925499,1.40307633028,8.38970825653,1.27268261484,8.25473218126,1.28117520506,13.1401857911,1.78793228763,16.4875877112,2.62970215112,6.5,3.84570847624
1970-05-31,12.1108409754,2.03029636465,10.5915256528,1.89743648211,11.5685633257,1.73237240535,6.09051013825,0.882343521233,10.3501274962,1.2476253347,6.75212069892,1.1968792515,9.2738328341,1.71377982807,8.33637860983,1.40950891931,8.46323836406,1.27815413646,8.31475798771,1.27620975917,13.1946368664,1.79680412071,16.5751624424,2.55603802397,6.3,3.81272108936
1970-06-30,11.9869264593,2.07897197172,10.396168126,1.97100098762,11.5414552611,1.74207870604,6.02426658986,0.904659663775,10.2362973886,1.25237772713,6.73291155914,1.20328340413,9.20322907066,1.78126539917,8.21301301843,1.41481545511,8.42757546083,1.29854425309,8.22292626728,1.33660226644,12.9967067588,1.82019496532,16.3466258833,2.76910236491,6.1,3.71200045372
1970-07-31,11.8662103303,1.98707602009,10.1397692012,1.76506245521,11.3541611751,1.61260034358,5.99764078341,0.887431710807,10.1548194316,1.10417866078,6.74263951613,1.21487075967,9.16991778034,1.75562170928,8.05203828725,1.22589970791,8.48735718126,1.36081014971,8.1020203533,1.18195902761,12.8956605223,1.7079239062,16.1493791091,2.60748760326,5.9,3.53776617001
1970-08-31,11.6897587174,2.02887285657,10.0026079109,1.79023235199,11.1665321429,1.60016953884,5.93243110599,0.928788109929,10.0719000768,1.20018974165,6.75338145161,1.20369601182,9.00232100614,1.89325788483,7.97166731951,1.33631518924,8.4351797619,1.40410740064,7.95842357911,1.21452077429,12.810547619,1.79258476079,15.8025887865,2.69525020585,5.7,3.27831792556
1970-09-30,11.6448501152,2.01229849505,10.0010310292,1.78828765516,11.1481052611,1.59941438161,5.92246228879,0.921055456439,10.1181452381,1.23711988447,6.84170887097,1.20463650527,8.91737584485,1.88977851064,7.94895925499,1.33295228492,8.48425986943,1.41908181962,7.90418271889,1.16451681589,12.8398142857,1.80760215761,15.747985023,2.68164392209,6.1,3.16061286529
1970-10-31,11.6373599078,2.00527815785,10.0765465822,1.83839909699,11.0050050307,1.42688094176,5.88941332565,0.878908159522,10.1388324501,1.26140188593,6.99006601382,1.21117078171,8.91192135177,1.88364734703,8.01729566052,1.40889696419,8.56257784178,1.49015446791,7.90275817972,1.1630178315,12.9007273041,1.87971466012,15.7481618664,2.68192438424,6.5,3.12039133848
1970-11-30,11.8035077573,2.03469443498,10.2498019585,1.84854979217,10.9970673963,1.41985431283,5.90835526114,0.888288574603,10.2009792243,1.26500763337,7.15140364823,1.13669967837,8.96556006144,1.90720619311,8.00375103687,1.40527701738,8.64428805684,1.52381702256,7.92830979263,1.16627294194,13.0445509601,1.7855215315,15.8197951997,2.71968067921,6.9,3.16061286529
1970-12-31,11.8133765745,2.03919041269,10.2442869048,1.8502224727,11.1612641705,1.5801123699,5.84571440092,0.855474807537,10.1364233103,1.23838385692,7.18181009985,1.09993545302,8.95008694316,1.90489234667,7.94473221966,1.4238440486,8.59314074501,1.52130123251,7.89153506144,1.1631932404,12.9931708525,1.83414203976,15.9841758449,2.71113046195,7.3,3.27831792556
1971-01-31,12.0973281874,2.08315768718,10.5171094854,1.89461874399,11.3503448157,1.5716996049,5.90706923963,0.845928301711,10.2726007296,1.21217494736,7.30019719662,1.02179592719,9.149506298,1.82076408761,8.0746031874,1.3286457233,8.7467375192,1.38482402303,8.00900280338,1.11342368685,13.2461869816,1.64145611727,16.2124339094,2.52568909342,7.1,3.53776617001
1971-02-28,12.2155436636,1.9844080198,10.5854499616,1.83766137964,11.3867174347,1.53670704697,5.91424304916,0.839294260058,10.3392400154,1.13473096341,7.20058767281,1.09722100284,9.26138605991,1.71138190256,8.12163652074,1.27177882966,8.83049704301,1.29579802369,8.09856470814,1.01455446507,13.3445334101,1.55099058794,16.446277957,2.23571028521,6.9,3.71200045372
1971-03-31,12.2818823733,1.91027761035,10.5535789939,1.87395342008,11.522378725,1.38181910057,5.92492046851,0.833956536044,10.314546467,1.16010212958,7.13771670507,1.15903295729,9.32174089862,1.68016733604,8.10379781106,1.28987475259,8.84091639785,1.29202275583,8.09735503072,1.01496538967,13.217485023,1.59356438921,16.4601811828,2.22972003009,6.7,3.81272108936
1971-04-30,12.1977280722,1.97923690093,10.4131402842,2.04237894312,11.6221330261,1.27246365194,5.88639036098,0.86400647099,10.2394416283,1.249409255,7.08331186636,1.21911352103,9.30262476959,1.70905762607,8.07830856375,1.33041333512,8.83814650538,1.29495123297,8.00990556836,1.11255912776,13.0705721198,1.83369515988,16.3894731183,2.34099661786,6.5,3.84570847624
1971-05-31,12.3305436636,1.8024001115,10.5000177035,1.92994975683,11.5654749616,1.33925247205,5.92272638249,0.80061059004,10.2275201229,1.26727382069,7.10777315668,1.17793072129,9.2403984255,1.81223803085,8.09787469278,1.31400414656,8.90842177419,1.17003834689,8.05586793395,1.05129894443,13.0836285714,1.82406469798,16.2962435484,2.43562028698,6.3,3.81272108936
1971-06-30,12.3416286098,1.79211453521,10.4281580261,1.95945228945,11.6838959293,1.34687287045,5.91258229647,0.803480260038,10.1373453917,1.23226196565,7.0370156298,1.22166413231,9.17985487711,1.85847899432,7.97996340246,1.26636598159,8.87573145161,1.19111702953,7.93124696621,1.1145728315,12.8829758833,1.78206272354,16.0584580645,2.56149357675,6.1,3.71200045372
1971-07-31,12.1209802227,2.03211059055,10.2023666283,2.0934530296,11.5128615207,1.49479473703,5.84498605991,0.892035141968,10.0363152842,1.33726048868,6.88311240399,1.43949386776,8.97042530722,1.97388358754,7.80253652074,1.45327294964,8.73220241935,1.39892667505,7.7626749232,1.35433816081,12.5718812596,1.97050433536,15.5825150538,2.65470576593,5.9,3.53776617001
1971-08-31,11.9433511905,2.07514421914,9.95351178955,2.16692302132,11.4025550691,1.50466966318,5.79972799539,0.935251674337,9.99691205837,1.35710389143,6.74637046851,1.50304433466,8.83911885561,1.98373661339,7.64273006912,1.52819146904,8.63542822581,1.45948403792,7.64472331029,1.46699617868,12.4006877112,2.03232518348,15.2722086022,2.75414683001,5.7,3.27831792556
1971-09-30,11.7039721582,2.20065255898,9.69254834869,2.25400390183,11.1335781874,1.66100215008,5.68271294163,1.07040985947,9.90535829493,1.45039918112,6.61748767281,1.49675211619,8.64710756528,2.06559511951,7.42288705837,1.65847707851,8.48435672043,1.63069475711,7.50083406298,1.60365053772,12.2421108295,2.15225822848,15.0281301075,2.79103262114,6.1,3.16061286529
1971-10-31,11.6092428955,2.09780179803,9.55906735791,2.07107595224,11.1247527266,1.65300445619,5.62688402458,1.03231340918,9.87441993088,1.41114318577,6.64790069124,1.5311369993,8.55887599846,1.95696078734,7.36632311828,1.61249783782,8.42347135177,1.57971386307,7.55863072197,1.65824627526,12.2779835253,2.20423528692,15.0218230799,2.78405736932,6.5,3.12039133848
1971-11-30,11.5288955837,1.99153417197,9.52694423963,2.04425894364,11.0768710061,1.60343474894,5.56470768049,0.947925449328,9.84496025346,1.38160912765,6.61877165899,1.50451252023,8.50394427803,1.86372714799,7.21857741935,1.4804900039,8.36233264209,1.49891954202,7.5138484639,1.60841573053,12.2831690092,2.21118915408,15.1181784562,2.96016225734,6.9,3.16061286529
1971-12-31,11.4503579493,1.88672789984,9.46509961598,1.98843012291,11.1096591782,1.64478798143,5.50237434716,0.863924388816,9.81773713518,1.3641856674,6.57548563748,1.45282624373,8.55192546083,1.94653472757,7.18635215054,1.44042545475,8.34753533026,1.48323531852,7.51423824885,1.60909622983,12.4592706221,2.42140797156,15.3316628648,3.23647123236,7.3,3.27831792556
1972-01-31,11.6602934332,1.97028476553,9.59980929339,2.05635978075,11.3102559524,1.70978930672,5.51664854071,0.868657865417,9.83562423195,1.37542492644,6.54608241167,1.43083318117,8.66716739631,2.03936668907,7.07611021505,1.38248486109,8.340406298,1.47899621108,7.51143179724,1.60681143669,12.3683351382,2.39492749513,15.4448402842,3.27593683801,7.1,3.53776617001
1972-02-29,11.860453778,2.00044838159,9.74811676466,2.03018740226,11.4236059524,1.74156457269,5.57857785105,0.882112850479,9.92628859977,1.38448616378,6.5998243657,1.43615282436,8.83371164919,2.02735407997,7.0925125139,1.38327199291,8.40647353938,1.4636930405,7.6274392685,1.61628109003,12.4788926095,2.37518028473,15.7168701692,3.1834437443,6.9,3.71200045372
1972-03-31,11.895969907,2.01286809062,9.81690708724,2.0314263177,11.5507995008,1.77666575829,5.61125527041,0.921302661974,9.90527247073,1.36370441372,6.53714694634,1.38907571625,8.82326003628,2.02075665414,7.044060901,1.36687682193,8.33281224906,1.39508793292,7.59503604269,1.60466896128,12.365134545,2.36314350632,15.6625959757,3.18100949668,6.7,3.81272108936
1972-04-30,12.1016559285,1.9715329041,9.92932321627,2.01038914963,11.7384247696,1.74490050848,5.73459828116,0.966194231016,10.0671170944,1.31912994357,6.60594748398,1.37738866902,9.09145465994,1.98002202095,7.22027111605,1.38922901532,8.48244504476,1.38811310742,7.70667959108,1.59008044023,12.4961146525,2.31761963959,15.8096637176,3.06224591695,6.5,3.84570847624
1972-05-31,12.3034838855,2.1511111944,9.95701300122,2.04511789395,11.9156258449,1.84672426309,5.80787354998,1.07723261489,10.1440816105,1.44493211356,6.59934587107,1.37221105213,9.22091595026,2.00209012602,7.32839853541,1.52423739118,8.49925203401,1.40126598047,7.7893236771,1.67060511272,12.5646705665,2.3836397912,15.8399771585,3.0658281317,6.3,3.81272108936
1972-06-30,12.2261086167,2.13910197344,9.89440816251,1.99998003686,11.856490361,1.88339438166,5.7756832274,1.05972312572,10.0604289223,1.39598379536,6.52281253774,1.30457947467,9.11739068144,1.96525963918,7.26162165369,1.42158110784,8.37440310927,1.31661504823,7.76676131151,1.65562625642,12.5190754052,2.33162542745,15.5813443628,2.93022126031,6.1,3.71200045372
1972-07-31,11.9576543156,2.27417490686,9.65839472165,2.01707433878,11.7246699309,1.95498046304,5.65216064675,1.1130016523,9.9035563417,1.47531550303,6.33892651623,1.31939149363,8.91947777822,2.04133722815,7.10037595476,1.48706895405,8.20254773293,1.3161609862,7.55600002119,1.84053741446,12.3912517493,2.35817722759,15.1568723198,3.18747795964,5.9,3.53776617001
1972-08-31,11.809347864,2.31350211999,9.51665278616,2.11428810009,11.5069279954,1.91724994807,5.59012838869,1.14521057436,9.72739505138,1.66024683151,6.25789425817,1.37774628257,8.89199390725,2.04284890087,7.02913401928,1.52765926337,8.15875741035,1.33148749951,7.46159679538,1.88418381998,12.3269614267,2.41836136378,14.9211142553,3.1863068605,5.7,3.27831792556
1972-09-30,11.5168113049,2.24464576497,9.22343343133,1.94770537387,11.3644613287,1.89999241452,5.4615020446,1.19699252293,9.42639881482,1.88284195593,6.04892705387,1.45287637677,8.71943960618,2.06353564445,6.87368401928,1.54426879233,7.99118966841,1.43001829642,7.23684141904,1.99754734862,12.0762823945,2.45258034156,14.6311142553,3.3099960418,6.1,3.16061286529
1972-10-31,11.505063033,2.24411557365,9.22641499815,1.94861081366,11.4465172043,1.88753427172,5.46094328884,1.19710291222,9.30183372265,1.94673085929,6.02504571746,1.46637283462,8.73630769373,2.06460866607,6.91828885799,1.5631578607,7.96385326288,1.42957610992,7.16700155729,2.00000238848,12.0280698369,2.44533497933,14.5553406377,3.29762912202,6.5,3.12039133848
1972-11-30,11.5751877642,2.24431162736,9.43183704116,2.05325378041,11.4635645161,1.88700009417,5.44769167594,1.19661109765,9.23818372265,1.97903845525,6.03879034112,1.46234473777,8.82126091954,2.11309917572,7.00203885799,1.59538583896,7.96327745643,1.42935342123,7.14498220245,1.99556809163,12.1413531702,2.47240173146,14.6658546162,3.37341277281,6.9,3.16061286529
1972-12-31,11.8630356136,2.38105275869,9.87877575083,2.40410940727,11.5913586022,1.95273354979,5.59441533185,1.30022311685,9.41362727104,2.03367066655,6.26672743789,1.68290061809,9.11519962922,2.20750684133,7.26167326659,1.80759439145,8.09927315536,1.51126930146,7.33152843901,2.06125554883,12.5694434928,2.63808497373,15.0267723582,3.49116973086,7.3,3.27831792556
1973-01-31,11.9618904524,2.3931159887,10.0447434928,2.44599870882,11.6561650538,1.90280801398,5.62272178346,1.29016713997,9.46385307749,2.01765642384,6.36655001854,1.68943221577,9.35834479051,2.09696984348,7.29415713756,1.8128313598,8.157095736,1.50904773156,7.35523811643,2.06145282786,12.5769596218,2.63636923277,15.1056110679,3.46324464859,7.1,3.53776617001
1973-02-28,12.1393106904,2.43843904209,10.2518756356,2.52581401456,11.5179543395,1.90877514063,5.6781348787,1.31277208243,9.58068045845,2.10053305073,6.46722978044,1.70505766853,9.54187336194,2.06523853386,7.37396070899,1.85039233615,8.30701359315,1.62088954205,7.49014883071,2.07185729694,12.7572465266,2.67006537799,15.4201396393,3.50367742856,6.9,3.71200045372
1973-03-31,12.3288913356,2.24327910013,10.4914562808,2.41755629559,11.6204865975,1.80273680026,5.74947358838,1.26305582496,9.66500303909,2.05906971722,6.59932655464,1.57089840427,9.66169594258,1.91135510124,7.54020264447,1.74942355605,8.4432393996,1.48945516779,7.658293992,1.94863242879,12.9408916879,2.48435809395,15.6661718973,3.31318718385,6.7,3.81272108936
1973-04-30,12.5311133786,2.18321058504,10.7379928399,2.28994486564,11.7746484255,1.80912989926,5.89869186795,1.28879298644,9.72789981328,2.05619253167,6.77008945786,1.55024190982,9.83594701785,1.8572656081,7.72227038641,1.71066086324,8.60536681895,1.48525826022,7.89863431458,1.93156726907,13.0932045911,2.39188882136,15.9308735102,3.17134344221,6.5,3.84570847624
1973-05-31,12.7521698302,1.95061358657,10.9699724098,2.06314841488,11.9488511137,1.54503235736,6.04877143784,1.15944528783,9.88413099608,2.01032954791,6.91023031808,1.55251596283,9.98820024366,1.63843523459,7.94516178426,1.54224889309,8.83155122755,1.30231732415,8.10557194899,1.79307184472,13.2141201825,2.24292747819,16.1064036178,3.05550017758,6.3,3.81272108936
1973-06-30,12.6161300453,2.03106080391,10.8592331625,2.1142438094,11.8154801459,1.61160701929,6.02291821203,1.17150123996,9.77912293156,1.9869102021,6.80388515679,1.5054845569,9.84593895333,1.75036298319,7.9056983434,1.54838135366,8.74952112003,1.33433926913,7.98420743286,1.77064855072,13.0846820104,2.17048242541,15.8672713597,3.09540208256,6.1,3.71200045372
1973-07-31,12.3798483249,2.21005963918,10.7040014421,2.22570972436,11.6084102535,1.81025905709,5.94922358838,1.20237211935,9.63076002834,2.00985244042,6.69343354388,1.52032982919,9.63232228667,1.85185748683,7.83986339716,1.60997041016,8.60696628132,1.37747737293,7.87589291673,1.78336504499,12.8827868491,2.15650283716,15.390222435,2.99294800244,5.9,3.53776617001
1973-08-31,12.1694773571,2.32869515173,10.5670982163,2.31444512111,11.3898941244,1.85012656579,5.86553003999,1.25080393331,9.50409873802,2.03884302202,6.55082064066,1.54059886834,9.32832228667,1.91790422298,7.668282752,1.70421839196,8.43014370067,1.45353212296,7.65384452964,1.75685339862,12.5704481395,2.01314893564,14.9481901769,2.73634077443,5.7,3.27831792556
1973-09-30,12.0319171421,2.27156069098,10.5228621948,2.29705643427,11.2850145545,1.76798499883,5.82898864214,1.25961445166,9.41795411436,2.01644879162,6.47278945786,1.54064293604,9.11661744796,1.92398559469,7.68402199931,1.69656775336,8.32025929207,1.48226906579,7.52300850813,1.77000524772,12.5693992147,2.01337366425,14.7665880264,2.67091748281,6.1,3.16061286529
1973-10-31,11.9062035714,2.22327771178,10.4750735407,2.30060950604,11.213772619,1.72512603727,5.72943191244,1.29466788649,9.3106843702,1.98929751309,6.37001470814,1.55490024321,8.92558018433,1.99126055968,7.67545303379,1.69898002701,8.19746785714,1.54849474355,7.42480049923,1.74657596615,12.4510944316,2.04825372918,14.6514656682,2.60673250105,6.5,3.12039133848
1973-11-30,11.8382369048,2.21204725872,10.4932154762,2.30228926368,11.08340649,1.66290670505,5.65123029954,1.26399600857,9.28404512289,1.96899856066,6.32989750384,1.54949857585,8.80497642089,1.9997583381,7.70514604455,1.69220453303,8.17149742704,1.5404668246,7.44859297235,1.75568224112,12.4499320661,2.04881490466,14.8093866359,2.73928069703,6.9,3.16061286529
1973-12-31,11.8379702381,2.21181444626,10.5656541859,2.32971311441,10.9854263825,1.58521073302,5.57056470814,1.20799896725,9.25499082181,1.94251451432,6.32380664363,1.54681261885,8.77950760369,1.96863159889,7.67793582949,1.67353895986,8.14496140553,1.51452285661,7.50527200461,1.81117700567,12.4652584101,2.05403156455,15.0552059908,2.95187301471,7.3,3.27831792556
1974-01-31,12.0893573349,2.88777878674,10.8150251536,2.78536577574,11.132200576,2.01352033443,5.69929051459,1.56276373972,9.39684566052,2.30230164764,6.51067761137,1.89149654213,8.94645921659,2.2657699453,7.81308099078,1.96225699525,8.39476785714,2.08744989402,7.75573974654,2.42787363563,12.6934197005,2.57948735577,15.4602705069,3.63362632493,7.1,3.53776617001
1974-02-28,12.1777942396,2.90571505501,10.9033644393,2.80894238941,11.1855791475,2.00151021863,5.70338694316,1.56376123073,9.423596851,2.31343690298,6.49053237327,1.88905909705,8.99718897849,2.27376442201,7.80311075269,1.95759546533,8.45222738095,2.09366342598,7.77792307988,2.43801212059,12.5699768433,2.54015377795,15.5739764593,3.64144447048,6.9,3.71200045372
1974-03-31,12.317971659,2.77620496563,11.0757354071,2.67746538182,11.3124339862,1.96799197875,5.78887081413,1.51359994429,9.51624201229,2.27861168556,6.5605968894,1.83626683637,9.10780188172,2.18824572764,8.00469139785,1.85968781417,8.54051770353,2.04696652175,7.95442307988,2.28015584376,12.5959929724,2.52275152624,15.8628958141,3.33944736605,6.7,3.81272108936
1974-04-30,12.3008926267,2.79336209637,11.080509063,2.66955979014,11.4295458141,1.94005818245,5.76972726575,1.53379293344,9.57467588326,2.21090862718,6.53463936252,1.86932596073,8.95352553763,2.33537891278,8.10833548387,1.7705127861,8.47832200461,2.10464520315,7.9182843702,2.32232470258,12.5155467358,2.64620884334,15.7229732335,3.53217028948,6.5,3.84570847624
1974-05-31,12.5075904762,2.70713597962,11.2922929339,2.53817815225,11.5357866743,1.92909846604,5.91296651306,1.47186064102,9.85226889401,1.98599562205,6.67968721198,1.73580492226,9.09524112903,2.28625960264,8.38681774194,1.73340875678,8.63843813364,1.99536202455,8.19092684332,2.17471174975,12.7125483487,2.54514475297,15.9953119432,3.31653905722,6.3,3.81272108936
1974-06-30,12.4975399386,2.71148363959,11.2395875576,2.58101280288,11.4599748464,1.94159628915,5.91075145929,1.47297393765,9.97877803379,1.8852086324,6.72591140553,1.70109013227,9.04385994624,2.2995179529,8.47599623656,1.75640593804,8.64066501536,1.99431485153,8.23860480031,2.14447254456,12.7199978111,2.54291900111,15.9390748464,3.355256437,6.1,3.71200045372
1974-07-31,12.5116248848,2.71084709749,11.1186332565,2.5828366999,11.4254920507,1.94567173371,5.93493855607,1.46748486817,10.155540937,1.82375139287,6.7792796851,1.68592232531,8.98795510753,2.26896277445,8.5251655914,1.76716149808,8.63175695084,1.99545373804,8.26041447773,2.13682148622,12.6830531874,2.53211910751,15.8067866743,3.32637714142,5.9,3.53776617001
1974-08-31,12.2480119816,2.64606171996,10.835875192,2.34333870969,11.2740888249,1.8722263571,5.77558371736,1.42373995155,10.0055893241,1.81561584443,6.56987645929,1.53407126393,8.72582607527,2.13247537469,8.40964946237,1.66609634395,8.51391824117,1.96530407744,8.13217254224,2.117558503,12.4219725422,2.25513178994,15.5593834485,3.21795975401,5.7,3.27831792556
1974-09-30,12.3306582181,2.70185422994,10.8663966974,2.36594738639,11.3388237711,1.87955898115,5.80469124424,1.42278097754,10.082385023,1.81790243047,6.53509258833,1.52162503601,8.64205725806,2.0815409235,8.46111612903,1.66477187597,8.50188705837,1.96515537126,8.11480049923,2.12359853697,12.4341666283,2.2538241223,15.6370243088,3.21447135497,6.1,3.16061286529
1974-10-31,12.324233679,2.69679503601,10.73565649,2.3057808755,11.4145973886,1.85855490844,5.78466417051,1.4121624177,9.96415172811,1.75714690194,6.43552519201,1.50827660702,8.63634642857,2.07504078166,8.44167546083,1.66101518238,8.34862726575,1.8913208105,8.04273655914,2.11917145212,12.3555162826,2.18822947369,15.6552328341,3.23450037845,6.5,3.12039133848
1974-11-30,12.3884680876,2.69996829879,10.7572839094,2.31736531888,11.4755495392,1.85633517291,5.81025503072,1.41279110511,10.0611925883,1.78324391893,6.43678164363,1.50814531634,8.80597008449,2.18806364327,8.5040937404,1.67017747077,8.41504715822,1.91316381658,8.06076344086,2.11903398013,12.3482324117,2.18898279711,15.7763935868,3.27339122248,6.9,3.16061286529
1974-12-31,12.6226492704,3.01598888836,11.0514408986,2.79686332553,11.5487264209,1.95850400433,5.92073029954,1.62448960723,10.3966022657,2.35656273063,6.53382519201,1.68099275175,9.08933191244,2.76838835883,8.80070341782,2.21864738886,8.65377457757,2.3772599917,8.20397150538,2.34531740748,12.631709831,2.62064428326,16.1428532642,3.76653591431,7.3,3.27831792556
1975-01-31,12.8383589478,3.17821374742,11.2844731567,2.99298938309,11.6864360983,2.02744894514,6.00121417051,1.6917358743,10.553247427,2.48547777566,6.54243809524,1.69074523495,9.2959125576,2.91539669693,8.9860421275,2.37618627072,8.8083390937,2.55689917654,8.31284247312,2.42780129617,13.0125162826,2.99692011085,16.4374177803,3.96524214457,7.1,3.53776617001
1975-02-28,12.972574424,3.11726381483,11.5007469662,2.96715285787,11.7678825269,1.97983829532,5.99725345622,1.69365172786,10.6174081413,2.46532288835,6.54022738095,1.69092062853,9.30617327189,2.9080876061,9.05489093702,2.34458263673,8.88409385561,2.53788756196,8.26499961598,2.46124477376,13.0079567588,2.99696414862,16.4754284946,3.93517636594,6.9,3.71200045372
1975-03-31,13.1724131336,2.94622549292,11.6179566436,2.85534508885,12.0270760753,1.80335036743,6.03357603687,1.67377251837,10.6484242704,2.43339875664,6.5474531874,1.68632344341,9.44215714286,2.84718652182,9.1356328725,2.25300711835,8.97877127496,2.49344822507,8.34272542243,2.43188672379,13.0219245008,2.98827706349,16.677622043,3.7651793901,6.7,3.81272108936
1975-04-30,13.3492217358,2.78131055247,11.7414878264,2.73553364028,12.1540040323,1.66269036442,6.11223625192,1.62914120523,10.7196753456,2.36744390562,6.60810211214,1.64873028927,9.56740929339,2.74337378457,9.27862211982,2.07177539855,9.1489078341,2.40641939902,8.49168402458,2.35441242624,13.1417949309,2.92981941383,16.8179032258,3.64496816841,6.5,3.84570847624
1975-05-31,13.2631690476,2.86265032953,11.5586754608,2.9070449083,12.2625287634,1.69747959227,6.07505184332,1.65940074543,10.6415457757,2.44810742539,6.54692361751,1.70475178118,9.51672703533,2.80102833589,9.2444796467,2.11562713055,9.14046966206,2.41495797321,8.48284262673,2.36413232684,13.0972632104,2.95237468616,16.6959569892,3.78354404241,6.3,3.81272108936
1975-06-30,13.1831556068,2.93503579035,11.4800733103,2.97586682464,12.1623040323,1.79883601981,6.07942926267,1.65473747277,10.6021678187,2.4857851796,6.51548974654,1.73659387854,9.47137004608,2.85992784387,9.26314631336,2.09765218432,9.19416052227,2.3587002927,8.4574264977,2.38479626814,13.0894605223,2.95907991959,16.595366129,3.85825820029,6.1,3.71200045372
1975-07-31,13.1078480799,2.99804324687,11.352044278,3.05754592446,12.1517346774,1.80901056904,6.03780829493,1.68334495594,10.5068877112,2.52754344008,6.46684888633,1.76090228237,9.48566735791,2.85038780409,9.24753394777,2.11164336987,9.19351804916,2.35893594522,8.33415015361,2.45542456917,13.0691551459,2.97193121544,16.2461709677,3.99600901444,5.9,3.53776617001
1975-08-31,12.8777674347,3.12645327117,11.0933829877,3.20727346894,12.020025,1.96512655293,5.97932442396,1.71859801633,10.3075973886,2.66707529026,6.31638114439,1.84709995548,9.23058671275,2.94924527658,9.11746943164,2.23554168099,9.08319546851,2.40428196088,8.11450499232,2.52214444946,12.889703533,3.0657740834,15.8328483871,4.04409928628,5.7,3.27831792556
1975-09-30,12.4615190476,2.47593749289,10.730472235,2.81629068153,11.7284997312,1.47955712712,5.72419001536,1.34192867208,9.97567803379,2.33193745975,6.06907845622,1.42868219596,9.00395714286,2.71958615965,8.88861351767,2.06819354028,8.80679869432,2.01117306012,7.75114316436,1.91404489262,12.5886696621,2.59803315298,15.4639370968,3.5054798492,6.1,3.16061286529
1975-10-31,12.4628928955,2.47659602084,10.8045603687,2.88266476286,11.786434063,1.48307488397,5.72517100614,1.34222802105,10.0442246928,2.3707823145,6.12870864055,1.47255121782,8.95691394009,2.71287610035,8.91324773425,2.06724470832,8.8522203533,2.03098714283,7.71897380952,1.89648063515,12.7170786482,2.63949843086,15.4750091014,3.51057305471,6.5,3.12039133848
1975-11-30,12.5153864439,2.45850061143,10.7928361751,2.88348002871,11.7253496544,1.49806004192,5.66382638249,1.36912658359,10.0428521121,2.37107531718,6.0871468126,1.4911698227,9.03073060676,2.72043687339,8.80551278802,2.11591772455,8.8353187404,2.03688058058,7.70153509985,1.89897496103,12.7427528418,2.62678536662,15.5659617896,3.52501525061,6.9,3.16061286529
1975-12-31,12.6241106375,2.36349197732,10.8811915515,2.7839068158,11.6812700845,1.4994461351,5.68469573733,1.34640159263,9.99133759601,2.43589935623,6.09373337174,1.48194341225,9.27636178955,2.59806628409,8.73385257296,2.18180464227,8.95248218126,1.9335302641,7.81748026114,1.79482544455,12.945021659,2.38569813216,16.0055134025,3.32338273861,7.3,3.27831792556
1976-01-31,12.736352573,2.45295332776,11.0047238095,2.87861220017,11.7568507296,1.57158084908,5.74134089862,1.41168534383,10.1017246928,2.52635750115,6.21984627496,1.6177584071,9.54839404762,2.90886787018,8.76406225038,2.21598885093,9.18562734255,2.18305125358,7.91394800307,1.94280976032,13.0959248848,2.50316021278,16.3499811444,3.66318818131,7.1,3.53776617001
1976-02-29,12.7517813086,2.44432360083,11.2026594417,2.85231458521,11.8149484308,1.54139555472,5.76155928942,1.40620818138,10.0781137732,2.53235495087,6.20156868875,1.62315445565,9.67476243842,2.89262407021,8.73814960671,2.2068560723,9.29673194025,2.1637078956,7.97098306054,1.94337266487,13.2012156894,2.5019646442,16.5691414892,3.5967783268,6.9,3.71200045372
1976-03-31,12.831990986,2.46287956583,11.3958368611,2.89232109875,11.9056419792,1.53682523902,5.83157541845,1.44505022153,10.181984741,2.62274698255,6.26429449521,1.67217828106,9.81203663197,2.9554950241,8.79890767122,2.24128985471,9.51160290799,2.27075532778,8.15725725409,2.09419279618,13.3031834313,2.53623244374,16.7650931021,3.62734645934,6.7,3.81272108936
1976-04-30,12.9231727064,2.39984678378,11.3138228826,2.95268172578,11.9538677856,1.5124523116,5.85247326792,1.42983350535,10.1501261388,2.64578656485,6.23006062424,1.69145876862,9.93482695455,2.89713270033,8.72258939165,2.2692487733,9.56141258541,2.24375046891,8.19695295302,2.08293453706,13.3071737539,2.53472312151,16.7508452527,3.63696391396,6.5,3.84570847624
1976-05-31,12.8485425989,2.36028807423,11.2415271836,2.93166079866,11.909939291,1.51902721404,5.84878509587,1.42942845999,10.0980239883,2.64125887248,6.20726385005,1.68751915207,9.94707964272,2.8937691955,8.6759775637,2.27477867749,9.64241151014,2.22921574235,8.25951854441,2.07173543293,13.4471087001,2.55455162603,16.646978586,3.68178762832,6.3,3.81272108936
1976-06-30,12.6088969,2.44868619192,11.1611185815,2.97438407918,11.8260930545,1.57965127942,5.76266574104,1.4519879305,9.96402990227,2.72833182311,6.21423481779,1.68552445008,9.81591190079,2.91107641739,8.6118479938,2.29613224635,9.68783677896,2.1982044453,8.24295510355,2.0795887308,13.4712388077,2.55604455935,16.3654248226,3.69175553791,6.1,3.71200045372
1976-07-31,12.4370173301,2.52983050472,10.9532169686,3.04686981775,11.6399634846,1.76743448636,5.68992971953,1.47122969138,9.77110194528,2.75510939991,6.14565578553,1.7096245816,9.57732050294,2.93820071097,8.40217164972,2.41553131093,9.60288462842,2.23269701756,8.15668628635,2.11620177059,13.3812484851,2.63854789678,16.0650543924,3.80140347102,5.9,3.53776617001
1976-08-31,11.893485072,2.31472008712,10.3312330976,2.8368365286,11.3513021942,1.6987733484,5.36030068727,1.23718814117,9.15866646141,2.41736088758,5.83034933392,1.50017128737,9.01903018036,2.57085203143,7.81859100456,2.12086718123,9.15602978971,2.00268623813,7.73575080248,1.95068663501,12.7950549367,2.67259748692,15.3307640699,3.5743387213,5.7,3.27831792556
1976-09-30,11.6236522763,1.96374148779,10.066354603,2.52864808351,11.1774898286,1.59431585726,5.22187057974,1.05864132162,8.90002345066,2.14038031632,5.76157890381,1.40271287703,8.79092964272,2.37736954704,7.50926089703,1.81569936915,8.95366419832,1.78657674789,7.54567553366,1.78762071256,12.411066227,2.20454159481,15.1268027795,3.29656218354,6.1,3.16061286529
1976-10-31,11.6005249722,1.95072760316,9.88411036337,2.41856380811,11.1380434001,1.59752393049,5.20705548758,1.06130175756,8.84529015573,2.11143044721,5.78731219874,1.41950313284,8.73828505747,2.42028749565,7.42194004449,1.7983624664,8.88145567297,1.81373563303,7.60877000371,1.75919058951,12.3560961809,2.20444024671,15.1872952911,3.28332522325,6.5,3.12039133848
1976-11-30,11.5183679829,1.94073646358,9.85163240638,2.41996881245,10.9348530775,1.57086522858,5.11669419726,1.11055073024,8.79085359659,2.13341705879,5.85885467186,1.4451516492,8.71571785317,2.41481435288,7.34019972191,1.8349582603,8.77248309232,1.88568696753,7.57422538005,1.7536778613,12.415190267,2.19289007843,15.1954006674,3.28439808271,6.9,3.16061286529
1976-12-31,11.4919142195,1.93035425164,9.83900444939,2.41794804449,10.8818122173,1.56742834425,4.98742107898,1.15564034723,8.7088444568,2.14488891188,5.85615736003,1.44452702911,8.68962699296,2.41944161156,7.16353305525,1.93222591245,8.59136266222,1.9763678803,7.44539581016,1.75937339825,12.1604488691,2.41690793077,15.1560227104,3.28988537436,7.3,3.27831792556
1977-01-31,11.6665593808,1.93784685678,9.99252057842,2.34512880493,10.8297960882,1.48014057098,5.05911462736,1.16502630366,8.789941231,2.12888228582,6.03106058584,1.48382399082,8.89303021876,2.35505047177,7.20583950686,1.92307422487,8.66821750093,1.93004746413,7.61507322951,1.76963518741,12.2040940304,2.40763695107,15.5211356136,3.27117481594,7.1,3.53776617001
1977-02-28,11.7868153332,1.89875137772,10.1731336737,2.34593697123,10.9541020406,1.46965219318,5.10278962736,1.15709905775,8.89739004052,2.14035309317,6.27420701441,1.62223060217,9.16307902829,2.25907937179,7.22844069734,1.92952371165,8.76780083426,1.90853726161,7.73154465809,1.76084278277,12.2457452209,2.3855730936,15.7520237089,3.24251666216,6.9,3.71200045372
1977-03-31,12.1225895267,2.14975693177,10.4827465769,2.49088731869,11.2399407503,1.86050635927,5.29588640156,1.36416084816,9.1341803631,2.35230710379,6.59359411118,1.98302018356,9.48665967345,2.50537008735,7.43115037476,2.13976417677,8.95465567297,2.04512743051,8.03457691615,1.93238395602,12.4842452209,2.49998358415,16.1358462895,3.16066522054,6.7,3.81272108936
1977-04-30,12.4169368386,2.11225896339,10.7517191575,2.37283740664,11.4422305353,1.78165945886,5.44451919726,1.42757863321,9.38684165342,2.34697307823,6.90518604667,2.02745985092,9.89405913581,2.52638920951,7.61410843927,2.15963391506,9.11651427512,2.01898142127,8.34007637852,1.96167495883,12.7796704897,2.50091088235,16.4764828487,2.99310376812,6.5,3.84570847624
1977-05-31,12.2557013547,2.21292403304,10.5921460392,2.50388352965,11.4808041912,1.79547474963,5.3975729607,1.44286087104,9.23576100826,2.45313193012,6.92205325097,2.02401871337,9.87639838312,2.52993473451,7.48556112744,2.19850485337,8.99328201706,2.08990197034,8.25106723873,2.02559009105,12.5948979091,2.54913121381,16.2135393003,3.15336489331,6.3,3.81272108936
1977-06-30,12.1275239353,2.20497370659,10.3131186199,2.42151432819,11.4710912879,1.79063266276,5.33459554134,1.43698220052,9.0772131588,2.36872624469,6.8970849714,2.01686704033,9.87247849065,2.53162314091,7.32853048228,2.19140637142,8.84048416759,2.1146575485,8.16015326024,2.0590065882,12.4239484467,2.51205487592,15.9166446766,3.33830754521,6.1,3.71200045372
1977-07-31,12.0613207095,2.22230258307,10.2217460392,2.44877372521,11.4720305353,1.79026572661,5.37976274564,1.42404766711,9.05050509428,2.36613673313,7.02400163806,1.97471480802,9.87075859818,2.53154625305,7.31062026723,2.19668526928,8.83948255469,2.11508080168,8.17725326024,2.05270524257,12.4827581241,2.5091636433,15.677950053,3.42916360448,5.9,3.53776617001
1977-08-31,11.9402239353,2.30984450192,10.1737944263,2.48946509946,11.4450950514,1.79832742811,5.37853693919,1.42487471061,9.05010186848,2.36657181281,7.11316292839,1.87730875978,9.8003715014,2.53704680542,7.22897510594,2.27018640974,8.73862771598,2.18401084622,8.09485003443,2.11994058548,12.3725807048,2.577595996,15.326466182,3.4643733444,5.7,3.27831792556
1977-09-30,11.7825341504,2.14687255401,9.99891163065,2.30476140675,11.3442068793,1.70971522734,5.27100253059,1.30987027135,8.89987176095,2.18560748191,7.07511884236,1.84440476597,9.64127365194,2.27170538152,7.05438317045,2.05543886888,8.50536642566,1.87703197914,7.94247315271,1.96185910809,12.258275866,2.43952554701,15.0331763971,3.00804850501,6.1,3.16061286529
1977-10-31,11.9528978879,2.26342232609,10.0608426651,2.39657935445,11.4052597158,1.74079738179,5.32916048387,1.3500337349,9.02665096006,2.27816618629,7.28002707373,1.89572606735,9.76146386329,2.38163110956,7.18652054531,2.27594547735,8.57979301075,1.96649210967,8.0329375576,2.03092581052,12.4316001152,2.69282780406,15.1450112135,3.14710899962,6.5,3.12039133848
1977-11-30,12.0935699309,2.48285336923,10.1432695469,2.5549289027,11.4486489631,1.78485511976,5.34595725806,1.37698558162,8.96610042243,2.17224889517,7.33391632104,1.93468826332,9.84459450845,2.50402148773,7.22214312596,2.3365181398,8.46561344086,1.77789719272,7.97530368664,1.94239145686,12.5385603303,2.84176437615,15.3035644393,3.42752270327,6.9,3.16061286529
1977-12-31,12.2215333717,2.55318429267,10.3559448157,2.5870143909,11.5381328341,1.84104280558,5.42273682796,1.40257978767,9.12660418587,2.21814656606,7.55700503072,1.9090809979,10.0171751536,2.61578596605,7.39670334101,2.46277482487,8.54209408602,1.82847949819,8.04551121352,1.96895705432,12.578731298,2.84588407836,15.5542316436,3.5309742552,7.3,3.27831792556
1978-01-31,12.2692269201,2.5838636944,10.3811867512,2.59983408109,11.5749876728,1.84291905217,5.44775295699,1.41710774017,9.20568483103,2.2717623938,7.61945664363,1.88497432363,10.1621106375,2.65446633043,7.50817108295,2.5396773996,8.51801344086,1.81093100307,8.0828499232,1.9850573164,12.5778603303,2.84506826314,15.8820219662,3.69520918386,7.1,3.53776617001
1978-02-28,12.5019221582,2.52935347356,10.5435141321,2.60427256503,11.7668817204,1.86615566366,5.55989938556,1.43397100624,9.41384078341,2.2529212021,7.7213030722,1.83716713179,10.3469713518,2.63976914763,7.69763417819,2.66021485995,8.58643725038,1.84308703539,8.13001301843,1.97291219961,12.4030234255,2.87006631731,16.0686172043,3.66624886381,6.9,3.71200045372
1978-03-31,12.7533899002,2.48445290641,10.8745625192,2.68107161844,12.0202043011,1.7028960285,5.73988325653,1.53375895239,9.67416336406,2.32899356819,7.94936758833,1.75328488309,10.6036971582,2.5445625904,8.02410192012,2.72903303943,8.7721953149,1.95826291226,8.28830334101,1.96148070544,12.6015234255,2.85158200252,16.4035688172,3.57132031846,6.7,3.81272108936
1978-04-30,12.9616076421,2.19052758264,11.1690394009,2.34680996982,12.1959887097,1.54932321804,5.87878701997,1.40665587829,9.95028917051,2.0136848829,8.12206382488,1.4762301459,10.7611589862,2.29302477184,8.2713062212,2.49876462303,8.90172273425,1.84385210842,8.41343076037,1.77810885278,12.8070728879,2.56652130195,16.6392494624,3.22634831818,6.5,3.84570847624
1978-05-31,12.7899565668,2.41708003898,11.0046114439,2.50490272882,12.0177526882,1.91958043822,5.80015261137,1.48187611831,9.86091605223,2.10674740067,7.99143102919,1.67690109051,10.6013240399,2.54758325603,8.2570718126,2.51067625856,8.74118509985,1.97428321171,8.34658667435,1.84739830296,12.6909003072,2.67494876429,16.295372043,3.47191661197,6.3,3.81272108936
1978-06-30,12.7379350614,2.43641964404,10.9997152074,2.50794370966,11.9984193548,1.9360634199,5.85852841782,1.46686809173,9.91100529954,2.10695962338,8.02062511521,1.66203459261,10.6787079109,2.4335751404,8.30051052227,2.49402648349,8.77458886329,1.95869871733,8.35163506144,1.84495280187,12.6740632104,2.68165287519,16.2954021505,3.47190550281,6.1,3.71200045372
1978-07-31,12.8308017281,2.40032174796,11.0150802611,2.49883354725,12.0338354839,1.88810111569,5.99792196621,1.38046999801,10.0407966974,2.02639773226,8.06034070661,1.64644193761,10.6173880184,2.49131933142,8.43392826421,2.42307738744,8.87193241167,1.89094045055,8.36266355607,1.84032513033,12.6780820276,2.68154631052,16.2150064516,3.50523235164,5.9,3.53776617001
1978-08-31,12.7149468894,2.49836615465,10.9237092934,2.56704325322,11.9617225806,1.97627474352,6.05387357911,1.28856218616,10.0269257296,2.04452533828,8.04967941628,1.66010775978,10.498178341,2.67191101661,8.47981536098,2.35231411653,8.93638402458,1.80625922083,8.33211516897,1.88358901465,12.8106788018,2.48691555283,16.1003774194,3.6055928696,5.7,3.27831792556
1978-09-30,12.5904044163,2.52413323908,10.9495721966,2.56385684269,11.8552306452,1.98806917727,6.04589777266,1.29015831872,10.0875418587,2.03541103617,8.11333801843,1.68256943141,10.5323240399,2.67101798564,8.59838471582,2.34477871686,9.02585069124,1.81632253604,8.31264581413,1.87474088419,12.9880986943,2.56140276785,16.128444086,3.63006086309,6.1,3.16061286529
1978-10-31,12.4684522273,2.59495852949,10.7881741551,2.60226268411,11.719181682,2.06792965081,6.01608728879,1.31453232713,10.0070677803,2.06505201448,7.98085126728,1.6782566686,10.3906160906,2.72239970635,8.56700395545,2.35785985319,8.97473778802,1.8219840474,8.28926793395,1.87242013477,13.1051695469,2.54011800049,16.1078726575,3.62267103989,6.5,3.12039133848
1978-11-30,12.4385355607,2.54598655021,10.8033236175,2.62578263005,11.5886623272,1.84614084579,5.961228149,1.229302314,9.91612423195,1.94950320063,7.83988836406,1.4666709298,10.251071467,2.5801841989,8.48178997696,2.28109287286,8.90467542243,1.71943148571,8.2277453533,1.76441368955,13.1822415899,2.64924804453,16.1873452381,3.70894745139,6.9,3.16061286529
1978-12-31,12.4995430876,2.62292500486,10.8760768433,2.6886355039,11.7359370584,2.04533655449,5.94485341782,1.21085835827,9.89905971582,1.93413117565,7.79511900922,1.405241553,10.1605591014,2.47552792562,8.51283191244,2.30087683959,8.91839746544,1.73255369919,8.20819750384,1.7289996316,13.0955421275,2.59397481315,16.3421925499,3.8621626027,7.3,3.27831792556
